﻿<?xml version="1.0" encoding="utf-8" standalone="no" ?>
<items>
	
<item mapBoundId="farmSilo" className="SiloPlaceable" filename="$moddir$Fs19_Campo_Argentino_V2/placeables/siloxl/farmSilo.xml" position="797.514 146.067 374.338" rotation="0 0 0" farmId="1"/>	
<item mapBoundId="farmSilo" className="SiloPlaceable" filename="$moddir$Fs19_Campo_Argentino_V2/placeables/farmSilo2/farmSilo.xml" position="465.38 149.645 -251.07" rotation="-180 -89.349 -180" farmId="1"/>
<item mapBoundId="farmSilo" className="SiloPlaceable" filename="$moddir$Fs19_Campo_Argentino_V2/placeables/farmSilo3/farmSilo.xml" position="-221.972 155.844 146.109" rotation="0 -90 0" farmId="1"/>
<item mapBoundId="sellingStationGeneric" className="SellingStationPlaceable" filename="$moddir$Fs19_Campo_Argentino_V2/placeables/sellingStations/sellingStationGeneric.xml" position="-949.29 153.32 828.566" rotation="0 -34.631 0" />	
<item mapBoundId="sellingStationWoodChips" className="SellingStationPlaceable" filename="$moddir$Fs19_Campo_Argentino_V2/placeables/puntos de venta/sellingStationWoodChips.xml" position="-870.532 148.711 -911.51" rotation="0 0 0" />   
<item mapBoundId="sellingStationWood" className="WoodSellStationPlaceable" filename="$moddir$Fs19_Campo_Argentino_V2/placeables/puntos de venta/sellingStationWood.xml" position="-782.543 148.325 -948.533" rotation="0 -1.875 0" />
<item mapBoundId="sellingStationGeneric2" className="SellingStationPlaceable" filename="$moddir$Fs19_Campo_Argentino_V2/placeables/rodolfo/sellingStationGeneric2.xml" position="780.262 148.441 654.431 " rotation="-180 55.037 -180" />	
<item mapBoundId="sellingStationVehicles" className="Workshop" filename="$moddir$Fs19_Campo_Argentino_V2/placeables/venta vehiculos/sellingStationVehicles.xml" position="229.239 147.889 773.156" rotation="0 0 0" />
<item mapBoundId="sellingStationGeneric3" className="SellingStationPlaceable" filename="$moddir$Fs19_Campo_Argentino_V2/placeables/huevos/sellingStationGeneric3.xml" position="793.724 147.944 699.259 "  rotation="0 0 0" />
<item mapBoundId="sellingStationGeneric" className="SellingStationPlaceable" filename="$moddir$Fs19_Campo_Argentino_V2/placeables/remolacha/sellingStationGeneric.xml" position="-971.348 153.225 671.822" rotation="0 0 0" />	
<item mapBoundId="sellingStationGeneric" className="SellingStationPlaceable" filename="$moddir$Fs19_Campo_Argentino_V2/placeables/papas/sellingStationGeneric.xml" position="-935.532 153.174 671.857" rotation="0 0 0" />
<item mapBoundId="gasStation01" className="BuyingStationPlaceable" filename="$moddir$Fs19_Campo_Argentino_V2/placeables/SHELL/gasStation.xml" position="-782.766 152.778 980.533" rotation="0 90 0" />
<item mapBoundId="gasStation01" className="BuyingStationPlaceable" filename="$moddir$Fs19_Campo_Argentino_V2/placeables/YPF/gasStation.xml" position="979.14 148.323 900.594" rotation="0 90 0" />
<item mapBoundId="sellingStationSugarMill" className="SellingStationPlaceable" filename="$moddir$Fs19_Campo_Argentino_V2/placeables/azucar/sellingStationSugarMill.xml" position="-356.469 149.039 -937.072" rotation="0 0 0" />
<item mapBoundId="sellingStationWool" className="SellingStationPlaceable" filename="$moddir$Fs19_Campo_Argentino_V2/placeables/lana/sellingStationWool.xml" position="778.88 144.347 -443.003" rotation="0 0 0" />
<item mapBoundId="sellingStationWool" className="SellingStationPlaceable" filename="$moddir$Fs19_Campo_Argentino_V2/placeables/algodon/sellingStationWool.xml" position="731.955 144.316 -398.076" rotation="0 90 0" />
<item mapBoundId="sellingStationWool" className="SellingStationPlaceable" filename="$moddir$Fs19_Campo_Argentino_V2/placeables/bales/sellingStationBales.xml" position="-547.696 149.161 -955.631" rotation="0 0 0" />
<item mapBoundId="sellingStationGeneric3" className="SellingStationPlaceable" filename="$moddir$Fs19_Campo_Argentino_V2/placeables/huevos2/sellingStationGeneric3.xml" position="-912.257 148.321 -772.805 "  rotation="0 0 0" />
<item mapBoundId="sellingStationGeneric3" className="SellingStationPlaceable" filename="$moddir$Fs19_Campo_Argentino_V2/placeables/leche/sellingStationGeneric3.xml" position="926.128 148.194 972.048 "  rotation="0 0 0" />
<item mapBoundId="WaterStation" className="BuyingStationPlaceable" filename="$moddir$Fs19_Campo_Argentino_V2/placeables/waterstation/WaterStation.xml" position="-257.658 162.014 162.134" rotation="0 0 0" />
<item mapBoundId="WaterStation" className="BuyingStationPlaceable" filename="$moddir$Fs19_Campo_Argentino_V2/placeables/waterstation/WaterStation.xml" position="394.36 155.75 -261.623" rotation="0 90 0" />
<item mapBoundId="WaterStation" className="BuyingStationPlaceable" filename="$moddir$Fs19_Campo_Argentino_V2/placeables/waterstation/WaterStation.xml" position="830.459 150.05 67.645" rotation="0 90 0" />
<item mapBoundId="WaterStation" className="BuyingStationPlaceable" filename="$moddir$Fs19_Campo_Argentino_V2/placeables/waterstation/WaterStation.xml" position="-938.539 154.805 -698.068" rotation="0 -1.728 0" /> 
<item mapBoundId="limeStation" className="BuyingStationPlaceable" filename="$mapdir$/placeables/fertilizantes/limeStation02.xml" position="227.941 147.84 721.788" rotation="0 0 0" />
<item mapBoundId="seedStationsemilla" className="BuyingStationPlaceable" filename="$mapdir$/placeables/semillas/seedStationSemilla.xml" position="230.791 147.84 735.558" rotation="0 0 0" />
</items>
