﻿<?xml version="1.0" encoding="utf-8" standalone="no" ?>
<modDesc descVersion="40">
    <author>P.R.H.</author>
    <version>1.0.1.1</version>
    <title>
        <en>CAMPO ARGENTINO</en>
        <de>CAMPO ARGENTINO</de>
    </title>
    <description>
        <en>By Pablo Hunter</en>
        <de>By Pablo Hunter</de>
    </description>
    <iconFilename>icon.png</iconFilename>
    <multiplayer supported="true"/>
    <maps>
        <map id="SampleModMap" className="Mission00" filename="$dataS/scripts/missions/mission00.lua" configFilename="maps/mapUS.xml" defaultVehiclesXMLFilename="defaultVehicles.xml" defaultItemsXMLFilename="defaultItems.xml">
            <title>
                <en>CAMPO ARGENTINO</en>
                <de>CAMPO ARGENTINO</de>
            </title>
            <description>
                <en>By Pablo Hunter</en>
                <de>By Pablo Hunter</de>
            </description>
            <iconFilename>map_preview.png</iconFilename>
        </map>
    </maps>
	
	 <storeItems>
		
        <storeItem xmlFilename="placeables/siloxl/farmSilo.xml" />
		<storeItem xmlFilename="placeables/farmSilo2/farmSilo.xml" />
		<storeItem xmlFilename="placeables/farmSilo3/farmSilo.xml" />
		<storeItem xmlFilename="placeables/sellingStations/sellingStationGeneric.xml" />
		<storeItem xmlFilename="placeables/puntos de venta/sellingStationWoodChips.xml" />
		<storeItem xmlFilename="placeables/puntos de venta/sellingStationWood.xml" />
		 <storeItem xmlFilename="placeables/rodolfo/sellingStationGeneric2.xml" />   
		 <storeItem xmlFilename="placeables/venta vehiculos/sellingStationVehicles.xml" />
		<storeItem xmlFilename="placeables/huevos/sellingStationGeneric3.xml" /> 
        <storeItem xmlFilename="placeables/remolacha/sellingStationGeneric.xml" />
		<storeItem xmlFilename="placeables/papas/sellingStationGeneric.xml" />
		<storeItem xmlFilename="placeables/SHELL/gasStation.xml" /> 
		<storeItem xmlFilename="placeables/YPF/gasStation.xml" /> 
		<storeItem xmlFilename="placeables/lana/sellingStationWool.xml" />	
		<storeItem xmlFilename="placeables/algodon/sellingStationWool.xml" />
		 <storeItem xmlFilename="placeables/bales/sellingStationBales.xml" />
		
		 
		
    </storeItems>
	
</modDesc>
